{
    "bv_std_win2": 0.10675508029801817,
    "bv_std_win8": 0.10486808797615044,
    "bv_std_win5": 0.09995168028830423,
    "bv_std_win3": 0.09871161969418597,
    "bv_std_win6": 0.09739985820638228,
    "bv_std_win7": 0.09553990103923755,
    "bv_std_win0": 0.08196961550220878,
    "bv_std_win1": 0.061462342010140794,
    "apen_win1": 0.06053899166643678,
    "apen_win0": 0.05858739282391814,
    "bv_std_win4": 0.05638782889966485,
    "apen_win2": 0.039346184992632996,
    "apen_win6": 0.03848141660271902,
    "apen_win3": 0.0,
    "apen_win4": 0.0,
    "apen_win5": 0.0,
    "apen_win7": 0.0,
    "apen_win8": 0.0,
    "fixation_w0": 0.0,
    "saccade_w0": 0.0,
    "blink_w0": 0.0,
    "fixation_w1": 0.0,
    "saccade_w1": 0.0,
    "blink_w1": 0.0,
    "fixation_w2": 0.0,
    "saccade_w2": 0.0,
    "blink_w2": 0.0,
    "fixation_w3": 0.0,
    "saccade_w3": 0.0,
    "blink_w3": 0.0,
    "fixation_w4": 0.0,
    "saccade_w4": 0.0,
    "blink_w4": 0.0,
    "fixation_w5": 0.0,
    "saccade_w5": 0.0,
    "blink_w5": 0.0,
    "fixation_w6": 0.0,
    "saccade_w6": 0.0,
    "blink_w6": 0.0,
    "fixation_w7": 0.0,
    "saccade_w7": 0.0,
    "blink_w7": 0.0,
    "fixation_w8": 0.0,
    "saccade_w8": 0.0,
    "blink_w8": 0.0
}