{
    "apen_win6": 0.10189644545316696,
    "bv_std_win2": 0.10146514549851418,
    "bv_std_win6": 0.09888584464788437,
    "bv_std_win3": 0.09172388315200805,
    "bv_std_win8": 0.08377225250005722,
    "bv_std_win0": 0.07962764352560044,
    "apen_win1": 0.07199704274535179,
    "apen_win0": 0.07048608139157295,
    "apen_win2": 0.06921238899230957,
    "bv_std_win5": 0.0674109011888504,
    "bv_std_win7": 0.04594537988305092,
    "apen_win5": 0.0398441955447197,
    "bv_std_win1": 0.029272646456956864,
    "apen_win7": 0.019947878271341323,
    "apen_win4": 0.018775565177202226,
    "apen_win8": 0.009736730903387069,
    "apen_win3": 0.0,
    "bv_std_win4": 0.0,
    "fixation_w0": 0.0,
    "saccade_w0": 0.0,
    "blink_w0": 0.0,
    "fixation_w1": 0.0,
    "saccade_w1": 0.0,
    "blink_w1": 0.0,
    "fixation_w2": 0.0,
    "saccade_w2": 0.0,
    "blink_w2": 0.0,
    "fixation_w3": 0.0,
    "saccade_w3": 0.0,
    "blink_w3": 0.0,
    "fixation_w4": 0.0,
    "saccade_w4": 0.0,
    "blink_w4": 0.0,
    "fixation_w5": 0.0,
    "saccade_w5": 0.0,
    "blink_w5": 0.0,
    "fixation_w6": 0.0,
    "saccade_w6": 0.0,
    "blink_w6": 0.0,
    "fixation_w7": 0.0,
    "saccade_w7": 0.0,
    "blink_w7": 0.0,
    "fixation_w8": 0.0,
    "saccade_w8": 0.0,
    "blink_w8": 0.0
}