{
    "bv_std_win8": 0.10554699972271919,
    "bv_std_win6": 0.09910720363259315,
    "bv_std_win2": 0.09330763593316078,
    "bv_std_win3": 0.09193004369735717,
    "apen_win2": 0.07893038690090179,
    "bv_std_win5": 0.07781104966998101,
    "apen_win6": 0.06957853361964225,
    "apen_win0": 0.06841661557555198,
    "bv_std_win7": 0.06419805735349655,
    "bv_std_win0": 0.051757022738456726,
    "apen_win1": 0.050306537002325055,
    "apen_win5": 0.0396064281463623,
    "bv_std_win1": 0.029585707932710648,
    "bv_std_win4": 0.02803783193230629,
    "apen_win7": 0.020652464777231216,
    "saccade_w6": 0.010786411166191102,
    "apen_win4": 0.010735990107059478,
    "apen_win8": 0.009705094248056411,
    "apen_win3": 0.0,
    "fixation_w0": 0.0,
    "saccade_w0": 0.0,
    "blink_w0": 0.0,
    "fixation_w1": 0.0,
    "saccade_w1": 0.0,
    "blink_w1": 0.0,
    "fixation_w2": 0.0,
    "saccade_w2": 0.0,
    "blink_w2": 0.0,
    "fixation_w3": 0.0,
    "saccade_w3": 0.0,
    "blink_w3": 0.0,
    "fixation_w4": 0.0,
    "saccade_w4": 0.0,
    "blink_w4": 0.0,
    "fixation_w5": 0.0,
    "saccade_w5": 0.0,
    "blink_w5": 0.0,
    "fixation_w6": 0.0,
    "blink_w6": 0.0,
    "fixation_w7": 0.0,
    "saccade_w7": 0.0,
    "blink_w7": 0.0,
    "fixation_w8": 0.0,
    "saccade_w8": 0.0,
    "blink_w8": 0.0
}