{
    "bv_std_win8": 0.10826106816530227,
    "bv_std_win2": 0.10316856279969215,
    "bv_std_win6": 0.10117273777723312,
    "bv_std_win5": 0.10059615522623062,
    "bv_std_win3": 0.09922836348414421,
    "bv_std_win7": 0.09353937581181526,
    "bv_std_win0": 0.08895983174443245,
    "bv_std_win1": 0.0793183647096157,
    "apen_win0": 0.06880314275622368,
    "apen_win6": 0.06807331815361976,
    "apen_win1": 0.049650228768587115,
    "apen_win2": 0.01919001415371895,
    "apen_win7": 0.010747825354337692,
    "bv_std_win4": 0.009291014075279236,
    "apen_win3": 0.0,
    "apen_win4": 0.0,
    "apen_win5": 0.0,
    "apen_win8": 0.0,
    "fixation_w0": 0.0,
    "saccade_w0": 0.0,
    "blink_w0": 0.0,
    "fixation_w1": 0.0,
    "saccade_w1": 0.0,
    "blink_w1": 0.0,
    "fixation_w2": 0.0,
    "saccade_w2": 0.0,
    "blink_w2": 0.0,
    "fixation_w3": 0.0,
    "saccade_w3": 0.0,
    "blink_w3": 0.0,
    "fixation_w4": 0.0,
    "saccade_w4": 0.0,
    "blink_w4": 0.0,
    "fixation_w5": 0.0,
    "saccade_w5": 0.0,
    "blink_w5": 0.0,
    "fixation_w6": 0.0,
    "saccade_w6": 0.0,
    "blink_w6": 0.0,
    "fixation_w7": 0.0,
    "saccade_w7": 0.0,
    "blink_w7": 0.0,
    "fixation_w8": 0.0,
    "saccade_w8": 0.0,
    "blink_w8": 0.0
}