{
    "bv_std_win2": 0.09831073582172394,
    "bv_std_win5": 0.09744690209627152,
    "bv_std_win6": 0.09637080132961273,
    "apen_win1": 0.08412093073129653,
    "apen_win2": 0.0828089877963066,
    "bv_std_win8": 0.08244581520557404,
    "apen_win0": 0.08218494653701783,
    "bv_std_win3": 0.08183172345161438,
    "apen_win6": 0.08041835427284241,
    "bv_std_win0": 0.05945181250572205,
    "bv_std_win7": 0.054541943967342375,
    "apen_win5": 0.04220250844955444,
    "apen_win4": 0.0396757498383522,
    "bv_std_win1": 0.01818879395723343,
    "apen_win3": 0.0,
    "bv_std_win4": 0.0,
    "apen_win7": 0.0,
    "apen_win8": 0.0,
    "fixation_w0": 0.0,
    "saccade_w0": 0.0,
    "blink_w0": 0.0,
    "fixation_w1": 0.0,
    "saccade_w1": 0.0,
    "blink_w1": 0.0,
    "fixation_w2": 0.0,
    "saccade_w2": 0.0,
    "blink_w2": 0.0,
    "fixation_w3": 0.0,
    "saccade_w3": 0.0,
    "blink_w3": 0.0,
    "fixation_w4": 0.0,
    "saccade_w4": 0.0,
    "blink_w4": 0.0,
    "fixation_w5": 0.0,
    "saccade_w5": 0.0,
    "blink_w5": 0.0,
    "fixation_w6": 0.0,
    "saccade_w6": 0.0,
    "blink_w6": 0.0,
    "fixation_w7": 0.0,
    "saccade_w7": 0.0,
    "blink_w7": 0.0,
    "fixation_w8": 0.0,
    "saccade_w8": 0.0,
    "blink_w8": 0.0
}