{
    "bv_std_win2": 0.10521924280491342,
    "bv_std_win8": 0.104438129762878,
    "bv_std_win5": 0.10050450942414155,
    "bv_std_win3": 0.09995594531309512,
    "bv_std_win6": 0.09871494118598693,
    "bv_std_win7": 0.09636117874619174,
    "bv_std_win0": 0.09129181899774788,
    "bv_std_win1": 0.07912648169072821,
    "apen_win0": 0.06830870941279135,
    "apen_win6": 0.06736638105807537,
    "apen_win1": 0.04864022945079145,
    "apen_win2": 0.020636352163280768,
    "apen_win7": 0.009864735202564031,
    "bv_std_win4": 0.009571344786814154,
    "apen_win3": 0.0,
    "apen_win4": 0.0,
    "apen_win5": 0.0,
    "apen_win8": 0.0,
    "fixation_w0": 0.0,
    "saccade_w0": 0.0,
    "blink_w0": 0.0,
    "fixation_w1": 0.0,
    "saccade_w1": 0.0,
    "blink_w1": 0.0,
    "fixation_w2": 0.0,
    "saccade_w2": 0.0,
    "blink_w2": 0.0,
    "fixation_w3": 0.0,
    "saccade_w3": 0.0,
    "blink_w3": 0.0,
    "fixation_w4": 0.0,
    "saccade_w4": 0.0,
    "blink_w4": 0.0,
    "fixation_w5": 0.0,
    "saccade_w5": 0.0,
    "blink_w5": 0.0,
    "fixation_w6": 0.0,
    "saccade_w6": 0.0,
    "blink_w6": 0.0,
    "fixation_w7": 0.0,
    "saccade_w7": 0.0,
    "blink_w7": 0.0,
    "fixation_w8": 0.0,
    "saccade_w8": 0.0,
    "blink_w8": 0.0
}