{
    "apen_win0": 0.10123693199684203,
    "bv_std_win6": 0.10083064275436868,
    "bv_std_win2": 0.10072633593967695,
    "apen_win6": 0.10061095894478063,
    "bv_std_win8": 0.08240688050929768,
    "apen_win2": 0.08002325969393043,
    "bv_std_win3": 0.07889305000642191,
    "bv_std_win5": 0.0763403103189211,
    "apen_win1": 0.0631833437862416,
    "apen_win5": 0.05912801768262958,
    "apen_win8": 0.04050011649155731,
    "apen_win4": 0.039018277861015534,
    "apen_win7": 0.02021583049482851,
    "apen_win3": 0.019147944582866117,
    "bv_std_win7": 0.018981938179607746,
    "bv_std_win0": 0.018756160757014285,
    "bv_std_win1": 0.0,
    "bv_std_win4": 0.0,
    "fixation_w0": 0.0,
    "saccade_w0": 0.0,
    "blink_w0": 0.0,
    "fixation_w1": 0.0,
    "saccade_w1": 0.0,
    "blink_w1": 0.0,
    "fixation_w2": 0.0,
    "saccade_w2": 0.0,
    "blink_w2": 0.0,
    "fixation_w3": 0.0,
    "saccade_w3": 0.0,
    "blink_w3": 0.0,
    "fixation_w4": 0.0,
    "saccade_w4": 0.0,
    "blink_w4": 0.0,
    "fixation_w5": 0.0,
    "saccade_w5": 0.0,
    "blink_w5": 0.0,
    "fixation_w6": 0.0,
    "saccade_w6": 0.0,
    "blink_w6": 0.0,
    "fixation_w7": 0.0,
    "saccade_w7": 0.0,
    "blink_w7": 0.0,
    "fixation_w8": 0.0,
    "saccade_w8": 0.0,
    "blink_w8": 0.0
}