{
    "apen_win0": 0.10402441024780273,
    "apen_win6": 0.10117958933115005,
    "bv_std_win2": 0.09699519425630569,
    "bv_std_win6": 0.0959266647696495,
    "bv_std_win8": 0.08575994074344635,
    "apen_win2": 0.08108805269002914,
    "bv_std_win3": 0.07935145944356918,
    "bv_std_win5": 0.07695347368717194,
    "apen_win1": 0.06161669194698334,
    "apen_win5": 0.05837962031364441,
    "apen_win8": 0.04076927602291107,
    "apen_win4": 0.03905804306268692,
    "apen_win7": 0.020837534964084626,
    "apen_win3": 0.020476512610912323,
    "bv_std_win0": 0.018931862711906434,
    "bv_std_win7": 0.01865166425704956,
    "bv_std_win1": 0.0,
    "bv_std_win4": 0.0,
    "fixation_w0": 0.0,
    "saccade_w0": 0.0,
    "blink_w0": 0.0,
    "fixation_w1": 0.0,
    "saccade_w1": 0.0,
    "blink_w1": 0.0,
    "fixation_w2": 0.0,
    "saccade_w2": 0.0,
    "blink_w2": 0.0,
    "fixation_w3": 0.0,
    "saccade_w3": 0.0,
    "blink_w3": 0.0,
    "fixation_w4": 0.0,
    "saccade_w4": 0.0,
    "blink_w4": 0.0,
    "fixation_w5": 0.0,
    "saccade_w5": 0.0,
    "blink_w5": 0.0,
    "fixation_w6": 0.0,
    "saccade_w6": 0.0,
    "blink_w6": 0.0,
    "fixation_w7": 0.0,
    "saccade_w7": 0.0,
    "blink_w7": 0.0,
    "fixation_w8": 0.0,
    "saccade_w8": 0.0,
    "blink_w8": 0.0
}