{
    "bv_std_win2": 0.09818050613823451,
    "bv_std_win6": 0.09708747858510683,
    "bv_std_win5": 0.09641160445652654,
    "apen_win1": 0.08370759675395413,
    "apen_win2": 0.08345928725621084,
    "apen_win6": 0.08307873958410718,
    "bv_std_win8": 0.08269113165325426,
    "apen_win0": 0.08148557968792189,
    "bv_std_win3": 0.07928362151338311,
    "bv_std_win0": 0.060527836036818036,
    "bv_std_win7": 0.055461692382318586,
    "apen_win5": 0.040717239520730406,
    "apen_win4": 0.03873077130576817,
    "bv_std_win1": 0.019176915125665557,
    "apen_win3": 0.0,
    "bv_std_win4": 0.0,
    "apen_win7": 0.0,
    "apen_win8": 0.0,
    "fixation_w0": 0.0,
    "saccade_w0": 0.0,
    "blink_w0": 0.0,
    "fixation_w1": 0.0,
    "saccade_w1": 0.0,
    "blink_w1": 0.0,
    "fixation_w2": 0.0,
    "saccade_w2": 0.0,
    "blink_w2": 0.0,
    "fixation_w3": 0.0,
    "saccade_w3": 0.0,
    "blink_w3": 0.0,
    "fixation_w4": 0.0,
    "saccade_w4": 0.0,
    "blink_w4": 0.0,
    "fixation_w5": 0.0,
    "saccade_w5": 0.0,
    "blink_w5": 0.0,
    "fixation_w6": 0.0,
    "saccade_w6": 0.0,
    "blink_w6": 0.0,
    "fixation_w7": 0.0,
    "saccade_w7": 0.0,
    "blink_w7": 0.0,
    "fixation_w8": 0.0,
    "saccade_w8": 0.0,
    "blink_w8": 0.0
}