{
    "apen_win6": 0.10245820275710023,
    "bv_std_win2": 0.10050819150996279,
    "bv_std_win6": 0.09849768880659292,
    "bv_std_win3": 0.09043878051218911,
    "bv_std_win8": 0.08215788822323178,
    "bv_std_win0": 0.08074661381756695,
    "apen_win1": 0.07306374062005083,
    "apen_win2": 0.07114330449018638,
    "apen_win0": 0.07079829693695396,
    "bv_std_win5": 0.06656911419767728,
    "bv_std_win7": 0.046275242937515115,
    "apen_win5": 0.03952960513210979,
    "bv_std_win1": 0.02889081128544313,
    "apen_win7": 0.01984299135023148,
    "apen_win4": 0.01914043754403936,
    "apen_win8": 0.009939089879148957,
    "apen_win3": 0.0,
    "bv_std_win4": 0.0,
    "fixation_w0": 0.0,
    "saccade_w0": 0.0,
    "blink_w0": 0.0,
    "fixation_w1": 0.0,
    "saccade_w1": 0.0,
    "blink_w1": 0.0,
    "fixation_w2": 0.0,
    "saccade_w2": 0.0,
    "blink_w2": 0.0,
    "fixation_w3": 0.0,
    "saccade_w3": 0.0,
    "blink_w3": 0.0,
    "fixation_w4": 0.0,
    "saccade_w4": 0.0,
    "blink_w4": 0.0,
    "fixation_w5": 0.0,
    "saccade_w5": 0.0,
    "blink_w5": 0.0,
    "fixation_w6": 0.0,
    "saccade_w6": 0.0,
    "blink_w6": 0.0,
    "fixation_w7": 0.0,
    "saccade_w7": 0.0,
    "blink_w7": 0.0,
    "fixation_w8": 0.0,
    "saccade_w8": 0.0,
    "blink_w8": 0.0
}