{
    "bv_std_win8": 0.11190332174301147,
    "bv_std_win2": 0.10426711738109588,
    "bv_std_win3": 0.10147061794996262,
    "bv_std_win6": 0.10137259662151336,
    "bv_std_win5": 0.09807778596878051,
    "bv_std_win7": 0.0929532453417778,
    "bv_std_win0": 0.08196231722831726,
    "bv_std_win1": 0.05956143587827682,
    "apen_win1": 0.05820673257112503,
    "apen_win0": 0.05723192095756531,
    "bv_std_win4": 0.05649116784334183,
    "apen_win2": 0.0384869173169136,
    "apen_win6": 0.03801482319831848,
    "apen_win3": 0.0,
    "apen_win4": 0.0,
    "apen_win5": 0.0,
    "apen_win7": 0.0,
    "apen_win8": 0.0,
    "fixation_w0": 0.0,
    "saccade_w0": 0.0,
    "blink_w0": 0.0,
    "fixation_w1": 0.0,
    "saccade_w1": 0.0,
    "blink_w1": 0.0,
    "fixation_w2": 0.0,
    "saccade_w2": 0.0,
    "blink_w2": 0.0,
    "fixation_w3": 0.0,
    "saccade_w3": 0.0,
    "blink_w3": 0.0,
    "fixation_w4": 0.0,
    "saccade_w4": 0.0,
    "blink_w4": 0.0,
    "fixation_w5": 0.0,
    "saccade_w5": 0.0,
    "blink_w5": 0.0,
    "fixation_w6": 0.0,
    "saccade_w6": 0.0,
    "blink_w6": 0.0,
    "fixation_w7": 0.0,
    "saccade_w7": 0.0,
    "blink_w7": 0.0,
    "fixation_w8": 0.0,
    "saccade_w8": 0.0,
    "blink_w8": 0.0
}