{
    "bv_std_win8": 0.10274408380016165,
    "bv_std_win6": 0.0989731379883316,
    "bv_std_win2": 0.09187365708874853,
    "bv_std_win3": 0.09010417059612436,
    "apen_win2": 0.08262756351316748,
    "bv_std_win5": 0.07553785224949676,
    "apen_win6": 0.07124604704496948,
    "apen_win0": 0.07089403219041686,
    "bv_std_win7": 0.06539265193720824,
    "bv_std_win0": 0.05220457262078437,
    "apen_win1": 0.05218345345186848,
    "apen_win5": 0.03972947129209037,
    "bv_std_win1": 0.02874743545509282,
    "bv_std_win4": 0.027757433077379566,
    "apen_win7": 0.01978855146123521,
    "saccade_w6": 0.011052979695786296,
    "apen_win4": 0.009981481071645818,
    "apen_win8": 0.009161425465492107,
    "apen_win3": 0.0,
    "fixation_w0": 0.0,
    "saccade_w0": 0.0,
    "blink_w0": 0.0,
    "fixation_w1": 0.0,
    "saccade_w1": 0.0,
    "blink_w1": 0.0,
    "fixation_w2": 0.0,
    "saccade_w2": 0.0,
    "blink_w2": 0.0,
    "fixation_w3": 0.0,
    "saccade_w3": 0.0,
    "blink_w3": 0.0,
    "fixation_w4": 0.0,
    "saccade_w4": 0.0,
    "blink_w4": 0.0,
    "fixation_w5": 0.0,
    "saccade_w5": 0.0,
    "blink_w5": 0.0,
    "fixation_w6": 0.0,
    "blink_w6": 0.0,
    "fixation_w7": 0.0,
    "saccade_w7": 0.0,
    "blink_w7": 0.0,
    "fixation_w8": 0.0,
    "saccade_w8": 0.0,
    "blink_w8": 0.0
}